	Genus
OTU1	Abiotrophia
OTU2	Absiella
OTU3	Abyssicoccus
OTU4	Abyssivirga
OTU5	Acaryochloris
OTU6	Acetanaerobacterium
OTU7	Acetatifactor
OTU8	Acetitomaculum
OTU9	Acetivibrio
OTU10	Acetoanaerobium
OTU11	Acetobacter
OTU12	Acetobacterium
OTU13	Acetobacteroides
OTU14	Acetohalobium
OTU15	Acetomicrobium
OTU16	Acetonema
OTU17	Acholeplasma
OTU18	Acidaminobacter
OTU19	Acidaminococcus
OTU20	Acidibacter
OTU21	Acidicaldus
OTU22	Acidicapsa
OTU23	Acidiferrobacter
OTU24	Acidimicrobium
OTU25	Acidiphilium
OTU26	Acidipropionibacterium
OTU27	Acidisphaera
OTU28	Aciditerrimonas
OTU29	Acidithiobacillus
OTU30	Acidomonas
OTU31	Acidovorax
OTU32	Acinetobacter
OTU33	Actibacter
OTU34	Actibacterium
OTU35	Actimicrobium
OTU36	Actinobacillus
OTU37	Actinobaculum
OTU38	Actinocatenispora
OTU39	Actinocorallia
OTU40	Actinokineospora
OTU41	Actinomadura
OTU42	Actinomyces
OTU43	Actinoplanes
OTU44	Actinopolymorpha
OTU45	Actinopolyspora
OTU46	Actinospica
OTU47	Actinosynnema
OTU48	Actinotalea
OTU49	Actinotignum
OTU50	Acutalibacter
OTU51	Acuticoccus
OTU52	Adhaeribacter
OTU53	Adlercreutzia
OTU54	Aequorivita
OTU55	Aeribacillus
OTU56	Aerococcus
OTU57	Aeromicrobium
OTU58	Aeromonas
OTU59	Aerosakkonema
OTU60	Aestuariicella
OTU61	Aestuariicoccus
OTU62	Aestuariispira
OTU63	Afifella
OTU64	Afipia
OTU65	Agaribacter
OTU66	Agaribacterium
OTU67	Agathobacter
OTU68	Agathobaculum
OTU69	Aggregatibacter
OTU70	Aggregicoccus
OTU71	Agitococcus
OTU72	Agrilactobacillus
OTU73	Agrobacterium
OTU74	Agrococcus
OTU75	Agromyces
OTU76	Akkermansia
OTU77	Albibacter
OTU78	Albimonas
OTU79	Alcaligenes
OTU80	Alcanivorax
OTU81	Algimonas
OTU82	Algivirga
OTU83	Algorimarina
OTU84	Algoriphagus
OTU85	Aliagarivorans
OTU86	Aliarcobacter
OTU87	Alicyclobacillus
OTU88	Aliicoccus
OTU89	Aliidiomarina
OTU90	Aliidongia
OTU91	Aliifodinibius
OTU92	Aliikangiella
OTU93	Aliinostoc
OTU94	Aliiroseovarius
OTU95	Aliivibrio
OTU96	Alishewanella
OTU97	Alistipes
OTU98	Aliterella
OTU99	Alkalibacillus
OTU100	Alkalibacter
OTU101	Alkalibacterium
OTU102	Alkalibaculum
OTU103	Alkalicoccus
OTU104	Alkaliflexus
OTU105	Alkalihalobacillus
OTU106	Alkalilactibacillus
OTU107	Alkalilimnicola
OTU108	Alkalimarinus
OTU109	Alkalimonas
OTU110	Alkaliphilus
OTU111	Alkalispirillum
OTU112	Alkalispirochaeta
OTU113	Alkalitalea
OTU114	Allgaiera
OTU115	Allisonella
OTU116	Allobacillus
OTU117	Allobaculum
OTU118	Allochromatium
OTU119	Allofrancisella
OTU120	Allofustis
OTU121	Allohahella
OTU122	Alloiococcus
OTU123	Alloprevotella
OTU124	Altererythrobacter
OTU125	Alteribacillus
OTU126	Alteribacter
OTU127	Alterileibacterium
OTU128	Alteromonas
OTU129	Alysiella
OTU130	Amaricoccus
OTU131	Amedibacillus
OTU132	Aminicella
OTU133	Aminiphilus
OTU134	Aminipila
OTU135	Aminivibrio
OTU136	Aminobacterium
OTU137	Aminomonas
OTU138	Ammoniphilus
OTU139	Amnibacterium
OTU140	Amphibacillus
OTU141	Amphiplicatus
OTU142	Amphritea
OTU143	Amycolatopsis
OTU144	Amylolactobacillus
OTU145	Anabaena
OTU146	Anaeroarcus
OTU147	Anaerobacillus
OTU148	Anaerobacterium
OTU149	Anaerobiospirillum
OTU150	Anaerobium
OTU151	Anaerobranca
OTU152	Anaerobutyricum
OTU153	Anaerococcus
OTU154	Anaerocolumna
OTU155	Anaerofilum
OTU156	Anaerofustis
OTU157	Anaeroglobus
OTU158	Anaerolinea
OTU159	Anaeromassilibacillus
OTU160	Anaeromicrobium
OTU161	Anaeromusa
OTU162	Anaerophaga
OTU163	Anaeroplasma
OTU164	Anaerorhabdus
OTU165	Anaerosalibacter
OTU166	Anaerosinus
OTU167	Anaerosphaera
OTU168	Anaerospora
OTU169	Anaerosporobacter
OTU170	Anaerosporomusa
OTU171	Anaerostipes
OTU172	Anaerotaenia
OTU173	Anaerotignum
OTU174	Anaerotruncus
OTU175	Anaerovibrio
OTU176	Anaerovirgula
OTU177	Anaerovorax
OTU178	Anaplasma
OTU179	Ancylobacter
OTU180	Andreesenia
OTU181	Aneurinibacillus
OTU182	Angustibacter
OTU183	Anoxybacillus
OTU184	Anoxynatronum
OTU185	Antricoccus
OTU186	Apibacter
OTU187	Apilactobacillus
OTU188	Aquamicrobium
OTU189	Aquibacillus
OTU190	Aquidulcibacter
OTU191	Aquiflexum
OTU192	Aquihabitans
OTU193	Aquisalibacillus
OTU194	Aquisalinus
OTU195	Arachidicoccus
OTU196	Arachnia
OTU197	Arboricoccus
OTU198	Arcanobacterium
OTU199	Archangium
OTU200	Arcicella
OTU201	Arcobacter
OTU202	Ardenticatena
OTU203	Arenimicrobium
OTU204	Arenimonas
OTU205	Aridibacter
OTU206	Arsenicibacter
OTU207	Arsenicicoccus
OTU208	Arthrobacter
OTU209	Arthrospira
OTU210	Arvibacter
OTU211	Asaccharobacter
OTU212	Asaccharospora
OTU213	Ascidiimonas
OTU214	Asteroleplasma
OTU215	Asticcacaulis
OTU216	Athalassotoga
OTU217	Atlantibacter
OTU218	Atopobacter
OTU219	Atopobium
OTU220	Atopococcus
OTU221	Atopostipes
OTU222	Aurantiacicella
OTU223	Aurantimonas
OTU224	Auraticoccus
OTU225	Aureibacillus
OTU226	Aureimonas
OTU227	Azoarcus
OTU228	Azohydromonas
OTU229	Azonexus
OTU230	Azorhizobium
OTU231	Azospirillum
OTU232	Azovibrio
OTU233	Bacillus
OTU234	Bacterioplanes
OTU235	Bacterioplanoides
OTU236	Bacteroides
OTU237	Bactoderma
OTU238	Baia
OTU239	Balneicella
OTU240	Balneola
OTU241	Bariatricus
OTU242	Barnesiella
OTU243	Barrientosiimonas
OTU244	Bartonella
OTU245	Bauldia
OTU246	Bavariicoccus
OTU247	Bdellovibrio
OTU248	Beduini
OTU249	Beijerinckia
OTU250	Belliella
OTU251	Bergeyella
OTU252	Bernardetia
OTU253	Bibersteinia
OTU254	Bifidobacterium
OTU255	Biostraticola
OTU256	Blastocatella
OTU257	Blastochloris
OTU258	Blastococcus
OTU259	Blastopirellula
OTU260	Blautia
OTU261	Bombilactobacillus
OTU262	Borrelia
OTU263	Borreliella
OTU264	Bosea
OTU265	Boudabousia
OTU266	Bounagaea
OTU267	Bowmanella
OTU268	Brachybacterium
OTU269	Brachymonas
OTU270	Brachyspira
OTU271	Brackiella
OTU272	Bradyrhizobium
OTU273	Branchiibius
OTU274	Brasilonema
OTU275	Brassicibacter
OTU276	Brenneria
OTU277	Brevibacillus
OTU278	Brevibacterium
OTU279	Brevifollis
OTU280	Brevitalea
OTU281	Brevundimonas
OTU282	Breznakia
OTU283	Brochothrix
OTU284	Brooklawnia
OTU285	Brucella
OTU286	Brumimicrobium
OTU287	Bryobacter
OTU288	Buchananella
OTU289	Budvicia
OTU290	Bulleidia
OTU291	Burkholderia
OTU292	Buttiauxella
OTU293	Butyricicoccus
OTU294	Butyricimonas
OTU295	Butyrivibrio
OTU296	Bythopirellula
OTU297	Caballeronia
OTU298	Caecibacter
OTU299	Caecibacterium
OTU300	Caedibacter
OTU301	Caenibacillus
OTU302	Caenispirillum
OTU303	Caldalkalibacillus
OTU304	Caldanaerobacter
OTU305	Caldanaerobius
OTU306	Calderihabitans
OTU307	Caldibacillus
OTU308	Caldicellulosiruptor
OTU309	Caldicoprobacter
OTU310	Caldilinea
OTU311	Caldimicrobium
OTU312	Caldimonas
OTU313	Caldinitratiruptor
OTU314	Caldisalinibacter
OTU315	Caldisericum
OTU316	Calditerricola
OTU317	Calditerrivibrio
OTU318	Caldithrix
OTU319	Caldovatus
OTU320	Calidifontibacter
OTU321	Calidithermus
OTU322	Calochaete
OTU323	Caloramator
OTU324	Caloranaerobacter
OTU325	Caloribacterium
OTU326	Calorithrix
OTU327	Camelimonas
OTU328	Caminibacter
OTU329	Caminicella
OTU330	Campylobacter
OTU331	Capnocytophaga
OTU332	Caproiciproducens
OTU333	Carboxydocella
OTU334	Carboxydothermus
OTU335	Carboxylicivirga
OTU336	Cardiobacterium
OTU337	Carnobacterium
OTU338	Caryophanon
OTU339	Casaltella
OTU340	Catellicoccus
OTU341	Catenibacterium
OTU342	Catenisphaera
OTU343	Catenococcus
OTU344	Catenovulum
OTU345	Catenulispora
OTU346	Catenuloplanes
OTU347	Catonella
OTU348	Caulobacter
OTU349	Cedecea
OTU350	Celeribacter
OTU351	Cellulomonas
OTU352	Cellulophaga
OTU353	Cellulosilyticum
OTU354	Cellulosimicrobium
OTU355	Cellvibrio
OTU356	Centipeda
OTU357	Cerasibacillus
OTU358	Cetobacterium
OTU359	Chania
OTU360	Chelativorans
OTU361	Chenggangzhangella
OTU362	Chengkuizengella
OTU363	Chiayiivirga
OTU364	Chitinimonas
OTU365	Chitiniphilus
OTU366	Chitinispirillum
OTU367	Chitinivibrio
OTU368	Chitinolyticbacter
OTU369	Chitinophaga
OTU370	Chlamydia
OTU371	Chloracidobacterium
OTU372	Chlorobaculum
OTU373	Chlorobium
OTU374	Chloroflexus
OTU375	Chondromyces
OTU376	Christensenella
OTU377	Chromohalobacter
OTU378	Chryseobacterium
OTU379	Chryseoglobus
OTU380	Chryseolinea
OTU381	Chryseomicrobium
OTU382	Chrysiogenes
OTU383	Chthonobacter
OTU384	Chthonomonas
OTU385	Citrifermentans
OTU386	Citrobacter
OTU387	Clavibacter
OTU388	Cloacibacillus
OTU389	Clostridiisalibacter
OTU390	Clostridioides
OTU391	Clostridium
OTU392	Coetzeea
OTU393	Cognatishimia
OTU394	Cohaesibacter
OTU395	Cohnella
OTU396	Colibacter
OTU397	Colidextribacter
OTU398	Collinsella
OTU399	Colwellia
OTU400	Comamonas
OTU401	Commensalibacter
OTU402	Companilactobacillus
OTU403	Compostibacter
OTU404	Conexibacter
OTU405	Conservatibacter
OTU406	Convivina
OTU407	Conyzicola
OTU408	Coprobacillus
OTU409	Coprobacter
OTU410	Coprococcus
OTU411	Coprothermobacter
OTU412	Coriobacterium
OTU413	Corticibacterium
OTU414	Corticicoccus
OTU415	Corynebacterium
OTU416	Cosenzaea
OTU417	Crassaminicella
OTU418	Craurococcus
OTU419	Crenalkalicoccus
OTU420	Criblamydia
OTU421	Crinalium
OTU422	Croceibacter
OTU423	Croceifilum
OTU424	Croceitalea
OTU425	Croceivirga
OTU426	Crocosphaera
OTU427	Cronbergia
OTU428	Cronobacter
OTU429	Cruoricaptor
OTU430	Cryobacterium
OTU431	Cryptanaerobacter
OTU432	Cryptobacterium
OTU433	Cryptosporangium
OTU434	Culturomica
OTU435	Cuneatibacter
OTU436	Cupriavidus
OTU437	Curtobacterium
OTU438	Curvibacter
OTU439	Cutibacterium
OTU440	Cyanobacterium
OTU441	Cyanobium
OTU442	Cylindrospermum
OTU443	Cysteiniphilum
OTU444	Cytophaga
OTU445	Dactylococcopsis
OTU446	Dactylosporangium
OTU447	Deferribacter
OTU448	Deferrisoma
OTU449	Defluviicoccus
OTU450	Defluviimonas
OTU451	Defluviitalea
OTU452	Defluviitoga
OTU453	Dehalobacter
OTU454	Dehalococcoides
OTU455	Dehalogenimonas
OTU456	Deinococcus
OTU457	Delftia
OTU458	Dellaglioa
OTU459	Demequina
OTU460	Demetria
OTU461	Dendrosporobacter
OTU462	Denitrovibrio
OTU463	Dermabacter
OTU464	Dermacoccus
OTU465	Dermatophilus
OTU466	Derxia
OTU467	Desemzia
OTU468	Desertibacillus
OTU469	Desertibacter
OTU470	Desmospora
OTU471	Desnuesiella
OTU472	Desulfallas
OTU473	Desulfarculus
OTU474	Desulfatiferula
OTU475	Desulfatiglans
OTU476	Desulfatirhabdium
OTU477	Desulfitibacter
OTU478	Desulfitispora
OTU479	Desulfitobacterium
OTU480	Desulfobacca
OTU481	Desulfobacter
OTU482	Desulfobacterium
OTU483	Desulfobacula
OTU484	Desulfobaculum
OTU485	Desulfobotulus
OTU486	Desulfobulbus
OTU487	Desulfocella
OTU488	Desulfococcus
OTU489	Desulfocucumis
OTU490	Desulfocurvibacter
OTU491	Desulfocurvus
OTU492	Desulfofaba
OTU493	Desulfofarcimen
OTU494	Desulfofrigus
OTU495	Desulfofundulus
OTU496	Desulfofustis
OTU497	Desulfoglaeba
OTU498	Desulfohalobium
OTU499	Desulfohalophilus
OTU500	Desulfohalotomaculum
OTU501	Desulfohalovibrio
OTU502	Desulfoluna
OTU503	Desulfomicrobium
OTU504	Desulfomonile
OTU505	Desulfonatronobacter
OTU506	Desulfonatronospira
OTU507	Desulfonatronovibrio
OTU508	Desulfonatronum
OTU509	Desulfonauticus
OTU510	Desulfonema
OTU511	Desulfonispora
OTU512	Desulfopila
OTU513	Desulfoplanes
OTU514	Desulforegula
OTU515	Desulforhopalus
OTU516	Desulfosalsimonas
OTU517	Desulfosarcina
OTU518	Desulfoscipio
OTU519	Desulfosoma
OTU520	Desulfosporomusa
OTU521	Desulfosporosinus
OTU522	Desulfotalea
OTU523	Desulfothermobacter
OTU524	Desulfothermus
OTU525	Desulfotignum
OTU526	Desulfotomaculum
OTU527	Desulfovermiculus
OTU528	Desulfovibrio
OTU529	Desulfovirgula
OTU530	Desulfurella
OTU531	Desulfuribacillus
OTU532	Desulfurispira
OTU533	Desulfurispirillum
OTU534	Desulfurispora
OTU535	Desulfurivibrio
OTU536	Desulfurobacterium
OTU537	Desulfuromonas
OTU538	Desulfuromusa
OTU539	Dethiobacter
OTU540	Dethiosulfatibacter
OTU541	Dethiosulfovibrio
OTU542	Devosia
OTU543	Dialister
OTU544	Diaminobutyricibacter
OTU545	Dichelobacter
OTU546	Dickeya
OTU547	Dictyobacter
OTU548	Dielma
OTU549	Dietzia
OTU550	Diplorickettsia
OTU551	Dissulfurirhabdus
OTU552	Dokdonella
OTU553	Dokdonia
OTU554	Dolosicoccus
OTU555	Dolosigranulum
OTU556	Domibacillus
OTU557	Dongia
OTU558	Dorea
OTU559	Draconibacterium
OTU560	Drancourtella
OTU561	Dubosiella
OTU562	Duganella
OTU563	Duodenibacillus
OTU564	Dyadobacter
OTU565	Dyella
OTU566	Dysgonomonas
OTU567	Echinicola
OTU568	Echinimonas
OTU569	Ectothiorhodospira
OTU570	Edaphobacter
OTU571	Edaphobaculum
OTU572	Effusibacillus
OTU573	Eggerthella
OTU574	Eggerthia
OTU575	Egibacter
OTU576	Egicoccus
OTU577	Ehrlichia
OTU578	Eionea
OTU579	Eisenbergiella
OTU580	Elizabethkingia
OTU581	Elusimicrobium
OTU582	Emcibacter
OTU583	Emergencia
OTU584	Empedobacter
OTU585	Emticicia
OTU586	Endomicrobium
OTU587	Endozoicomonas
OTU588	Enorma
OTU589	Enteractinococcus
OTU590	Enterobacillus
OTU591	Enterobacter
OTU592	Enterocloster
OTU593	Enterococcus
OTU594	Enterorhabdus
OTU595	Entomoplasma
OTU596	Eoetvoesia
OTU597	Epidermidibacterium
OTU598	Ercella
OTU599	Erwinia
OTU600	Erysipelatoclostridium
OTU601	Erysipelothrix
OTU602	Erythrobacter
OTU603	Escherichia
OTU604	Ethanoligenens
OTU605	Eubacterium
OTU606	Euryhalocaulis
OTU607	Euzebya
OTU608	Euzebyella
OTU609	Evansella
OTU610	Ewingella
OTU611	Exiguobacterium
OTU612	Exilispira
OTU613	Extensimonas
OTU614	Extibacter
OTU615	Ezakiella
OTU616	Facklamia
OTU617	Faecalibacterium
OTU618	Faecalibaculum
OTU619	Faecalicatena
OTU620	Faecalicoccus
OTU621	Faecalimonas
OTU622	Faecalitalea
OTU623	Falcatimonas
OTU624	Falsarthrobacter
OTU625	Falsiporphyromonas
OTU626	Fannyhessea
OTU627	Fastidiosibacter
OTU628	Fastidiosipila
OTU629	Fenollaria
OTU630	Fermentibacillus
OTU631	Fermentimonas
OTU632	Ferribacterium
OTU633	Ferrimicrobium
OTU634	Ferrimonas
OTU635	Ferrovibrio
OTU636	Fervidicella
OTU637	Fervidicola
OTU638	Fervidobacterium
OTU639	Fibrella
OTU640	Fibrobacter
OTU641	Fictibacillus
OTU642	Filifactor
OTU643	Filobacterium
OTU644	Filomicrobium
OTU645	Fimbriimonas
OTU646	Finegoldia
OTU647	Fischerella
OTU648	Flammeovirga
OTU649	Flaviaesturariibacter
OTU650	Flaviflexus
OTU651	Flavimarina
OTU652	Flavivirga
OTU653	Flavobacterium
OTU654	Flavonifractor
OTU655	Flectobacillus
OTU656	Flexibacter
OTU657	Flexilinea
OTU658	Flexivirga
OTU659	Flintibacter
OTU660	Floricoccus
OTU661	Fodinicurvata
OTU662	Foliisarcina
OTU663	Fontibacillus
OTU664	Fonticella
OTU665	Formosa
OTU666	Fournierella
OTU667	Francisella
OTU668	Franconibacter
OTU669	Frankia
OTU670	Frateuria
OTU671	Frederiksenia
OTU672	Fretibacter
OTU673	Fretibacterium
OTU674	Frischella
OTU675	Frisingicoccus
OTU676	Frondibacter
OTU677	Fructilactobacillus
OTU678	Fructobacillus
OTU679	Fuchsiella
OTU680	Fulvimarina
OTU681	Fulvimonas
OTU682	Fulvivirga
OTU683	Furfurilactobacillus
OTU684	Fusibacter
OTU685	Fusicatenibacter
OTU686	Fusobacterium
OTU687	Gabonia
OTU688	Gabonibacter
OTU689	Gaetbulibacter
OTU690	Gaiella
OTU691	Galbitalea
OTU692	Gallaecimonas
OTU693	Gallibacterium
OTU694	Gallicola
OTU695	Gangjinia
OTU696	Garciella
OTU697	Gardnerella
OTU698	Garicola
OTU699	Garritya
OTU700	Gelria
OTU701	Gemella
OTU702	Gemmatimonas
OTU703	Gemmatirosa
OTU704	Gemmiger
OTU705	Geoalkalibacter
OTU706	Geobacillus
OTU707	Geobacter
OTU708	Geodermatophilus
OTU709	Geofilum
OTU710	Geomicrobium
OTU711	Geopsychrobacter
OTU712	Georgenia
OTU713	Geosporobacter
OTU714	Geothermobacterium
OTU715	Geothermomicrobium
OTU716	Geothrix
OTU717	Geotoga
OTU718	Geovibrio
OTU719	Gibbsiella
OTU720	Gilliamella
OTU721	Gillisia
OTU722	Gilvimarinus
OTU723	Glaciimonas
OTU724	Glaesserella
OTU725	Globicatella
OTU726	Gloeobacter
OTU727	Gloeothece
OTU728	Glutamicibacter
OTU729	Glycocaulis
OTU730	Glycomyces
OTU731	Gordonia
OTU732	Gordonibacter
OTU733	Gorillibacterium
OTU734	Gottschalkia
OTU735	Gracilibacillus
OTU736	Gracilibacter
OTU737	Gracilimonas
OTU738	Gramella
OTU739	Granulicatella
OTU740	Granulicoccus
OTU741	Granulosicoccus
OTU742	Guggenheimella
OTU743	Gulosibacter
OTU744	Guyparkeria
OTU745	Haemophilus
OTU746	Hafnia
OTU747	Hahella
OTU748	Halalkalibacillus
OTU749	Halanaerobacter
OTU750	Halanaerobaculum
OTU751	Halanaerobium
OTU752	Halanaerocella
OTU753	Halarsenatibacter
OTU754	Haliangium
OTU755	Halobacillus
OTU756	Halobacteriovorax
OTU757	Halocella
OTU758	Halochromatium
OTU759	Halocynthiibacter
OTU760	Halodesulfovibrio
OTU761	Haloechinothrix
OTU762	Haloferula
OTU763	Haloimpatiens
OTU764	Halolactibacillus
OTU765	Halomicronema
OTU766	Halomonas
OTU767	Haloplasma
OTU768	Halopolyspora
OTU769	Halorhodospira
OTU770	Halospina
OTU771	Halotalea
OTU772	Halothermothrix
OTU773	Halothiobacillus
OTU774	Halovibrio
OTU775	Hansschlegelia
OTU776	Haoranjiania
OTU777	Harryflintia
OTU778	Hassalia
OTU779	Hathewaya
OTU780	Hazenella
OTU781	Helcococcus
OTU782	Helicobacter
OTU783	Heliobacillus
OTU784	Heliobacterium
OTU785	Heliomicrobium
OTU786	Heliophilum
OTU787	Heliorestis
OTU788	Henriciella
OTU789	Herbaspirillum
OTU790	Herbiconiux
OTU791	Herbihabitans
OTU792	Herbinix
OTU793	Herminiimonas
OTU794	Herpetosiphon
OTU795	Hespellia
OTU796	Hippea
OTU797	Hirschia
OTU798	Holdemanella
OTU799	Holdemania
OTU800	Holophaga
OTU801	Holzapfelia
OTU802	Homoserinimonas
OTU803	Hoppeia
OTU804	Howardella
OTU805	Hugenholtzia
OTU806	Humibacter
OTU807	Hungatella
OTU808	Hwanghaeicola
OTU809	Hydrobacter
OTU810	Hydrogenibacillus
OTU811	Hydrogenispora
OTU812	Hydrogenivirga
OTU813	Hydrogenoanaerobacterium
OTU814	Hydrogenobacter
OTU815	Hydrogenobaculum
OTU816	Hydrogenophaga
OTU817	Hydrogenophilus
OTU818	Hydrogenothermus
OTU819	Hydrogenovibrio
OTU820	Hydromonas
OTU821	Hylemonella
OTU822	Hymenobacter
OTU823	Hyphococcus
OTU824	Hyphomicrobium
OTU825	Hyphomonas
OTU826	Hypnocyclicus
OTU827	Hyunsoonleella
OTU828	Iamia
OTU829	Ichthyobacterium
OTU830	Ideonella
OTU831	Idiomarina
OTU832	Ignatzschineria
OTU833	Ignavibacterium
OTU834	Ignavigranum
OTU835	Ihubacter
OTU836	Ileibacterium
OTU837	Ilumatobacter
OTU838	Ilyobacter
OTU839	Imhoffiella
OTU840	Immundisolibacter
OTU841	Imtechella
OTU842	Indibacter
OTU843	Inmirania
OTU844	Inquilinus
OTU845	Insolitispirillum
OTU846	Intestinibacillus
OTU847	Intestinibacter
OTU848	Intestinimonas
OTU849	Intrasporangium
OTU850	Irregularibacter
OTU851	Isobaculum
OTU852	Izhakiella
OTU853	Jahnella
OTU854	Janibacter
OTU855	Jannaschia
OTU856	Jatrophihabitans
OTU857	Jeotgalibaca
OTU858	Jeotgalibacillus
OTU859	Jeotgalicoccus
OTU860	Johnsonella
OTU861	Jonesia
OTU862	Jonquetella
OTU863	Kaistia
OTU864	Kallipyga
OTU865	Kandleria
OTU866	Kangiella
OTU867	Kastovskya
OTU868	Keratinibaculum
OTU869	Kiloniella
OTU870	Kineococcus
OTU871	Kineosphaera
OTU872	Kineosporia
OTU873	Kineothrix
OTU874	Kiritimatiella
OTU875	Kitasatospora
OTU876	Klebsiella
OTU877	Klugiella
OTU878	Kluyvera
OTU879	Kocuria
OTU880	Kofleria
OTU881	Kordia
OTU882	Kordiimonas
OTU883	Kosakonia
OTU884	Kosmotoga
OTU885	Kribbella
OTU886	Kroppenstedtia
OTU887	Kryptousia
OTU888	Kurthia
OTU889	Kushneria
OTU890	Kutzneria
OTU891	Kytococcus
OTU892	Labedella
OTU893	Labilibacter
OTU894	Labrenzia
OTU895	Laceyella
OTU896	Lachnoanaerobaculum
OTU897	Lachnobacterium
OTU898	Lachnoclostridium
OTU899	Lachnospira
OTU900	Lachnotalea
OTU901	Lacihabitans
OTU902	Lacinutrix
OTU903	Lacrimispora
OTU904	Lacticaseibacillus
OTU905	Lacticigenium
OTU906	Lactiplantibacillus
OTU907	Lactivibrio
OTU908	Lactobacillus
OTU909	Lactococcus
OTU910	Lactonifactor
OTU911	Lactovum
OTU912	Lacunisphaera
OTU913	Lancefieldella
OTU914	Lapidilactobacillus
OTU915	Larkinella
OTU916	Latilactobacillus
OTU917	Lautropia
OTU918	Lawsonella
OTU919	Lebetimonas
OTU920	Leclercia
OTU921	Lederbergia
OTU922	Leeia
OTU923	Leeuwenhoekiella
OTU924	Legionella
OTU925	Leifsonia
OTU926	Leisingera
OTU927	Lelliottia
OTU928	Leminorella
OTU929	Lentibacillus
OTU930	Lentilactobacillus
OTU931	Lentilitoribacter
OTU932	Lentimicrobium
OTU933	Lentzea
OTU934	Leptolinea
OTU935	Leptospira
OTU936	Leptospirillum
OTU937	Leptotrichia
OTU938	Leucobacter
OTU939	Leuconostoc
OTU940	Leucothrix
OTU941	Levilactobacillus
OTU942	Levyella
OTU943	Lewinella
OTU944	Liberibacter
OTU945	Ligilactobacillus
OTU946	Lihuaxuella
OTU947	Limibacter
OTU948	Limimaricola
OTU949	Limimonas
OTU950	Limnochorda
OTU951	Limnoraphis
OTU952	Limosilactobacillus
OTU953	Lipingzhangella
OTU954	Liquorilactobacillus
OTU955	Listeria
OTU956	Litoribacillus
OTU957	Litoribrevibacter
OTU958	Litoricola
OTU959	Litorilinea
OTU960	Litorilituus
OTU961	Litorimonas
OTU962	Litorivivens
OTU963	Loigolactobacillus
OTU964	Lonepinella
OTU965	Longibaculum
OTU966	Longicatena
OTU967	Longilinea
OTU968	Longimicrobium
OTU969	Longimycelium
OTU970	Lonsdalea
OTU971	Loriellopsis
OTU972	Luminiphilus
OTU973	Lunatimonas
OTU974	Lutaonella
OTU975	Luteibacter
OTU976	Luteimonas
OTU977	Luteipulveratus
OTU978	Luteitalea
OTU979	Lutispora
OTU980	Lyngbya
OTU981	Lysinibacillus
OTU982	Lysinimonas
OTU983	Lysobacter
OTU984	Macrococcus
OTU985	Macromonas
OTU986	Mageeibacillus
OTU987	Magnetococcus
OTU988	Magnetospira
OTU989	Magnetospirillum
OTU990	Magnetovibrio
OTU991	Mahella
OTU992	Mailhella
OTU993	Maledivibacter
OTU994	Malonomonas
OTU995	Mammaliicoccus
OTU996	Mangrovibacter
OTU997	Mangrovitalea
OTU998	Mannheimia
OTU999	Maricaulis
OTU1000	Marichromatium
OTU1001	Maricurvus
OTU1002	Maridesulfovibrio
OTU1003	Marinibactrum
OTU1004	Marinicauda
OTU1005	Marinicella
OTU1006	Marinicrinis
OTU1007	Marinilabilia
OTU1008	Marinilactibacillus
OTU1009	Marinimicrobium
OTU1010	Marininema
OTU1011	Mariniphaga
OTU1012	Mariniradius
OTU1013	Marinisporobacter
OTU1014	Marinithermofilum
OTU1015	Marinithermus
OTU1016	Marinitoga
OTU1017	Marinobacter
OTU1018	Marinobacterium
OTU1019	Marinococcus
OTU1020	Marinomonas
OTU1021	Marinosulfonomonas
OTU1022	Maritalea
OTU1023	Maritimibacter
OTU1024	Marivibrio
OTU1025	Marmoricola
OTU1026	Marseilla
OTU1027	Martelella
OTU1028	Marvinbryantia
OTU1029	Massilia
OTU1030	Massilibacterium
OTU1031	Massilimicrobiota
OTU1032	Massiliprevotella
OTU1033	Mastigocoleus
OTU1034	Mechercharimyces
OTU1035	Mediterranea
OTU1036	Mediterraneibacter
OTU1037	Megamonas
OTU1038	Megasphaera
OTU1039	Meiothermus
OTU1040	Melghiribacillus
OTU1041	Melghirimyces
OTU1042	Melioribacter
OTU1043	Melissococcus
OTU1044	Membranicola
OTU1045	Merdimonas
OTU1046	Mesonia
OTU1047	Mesoplasma
OTU1048	Mesotoga
OTU1049	Metakosakonia
OTU1050	Metallosphaera
OTU1051	Metaprevotella
OTU1052	Methylacidimicrobium
OTU1053	Methylarcula
OTU1054	Methylobacter
OTU1055	Methylobacterium
OTU1056	Methylobrevis
OTU1057	Methylocaldum
OTU1058	Methylocapsa
OTU1059	Methylocella
OTU1060	Methylococcus
OTU1061	Methylocystis
OTU1062	Methyloglobulus
OTU1063	Methylomagnum
OTU1064	Methylomicrobium
OTU1065	Methylomonas
OTU1066	Methylomusa
OTU1067	Methyloparacoccus
OTU1068	Methylophaga
OTU1069	Methylophilus
OTU1070	Methylopila
OTU1071	Methylorhabdus
OTU1072	Methylorosula
OTU1073	Methylosphaera
OTU1074	Methylotenera
OTU1075	Methylothermus
OTU1076	Methyloversatilis
OTU1077	Methylovorus
OTU1078	Methylovulum
OTU1079	Microaerobacter
OTU1080	Microbacter
OTU1081	Microbacterium
OTU1082	Microbaculum
OTU1083	Microbispora
OTU1084	Microbulbifer
OTU1085	Microcella
OTU1086	Micrococcoides
OTU1087	Micrococcus
OTU1088	Microcystis
OTU1089	Microlunatus
OTU1090	Micromonospora
OTU1091	Micropepsis
OTU1092	Micropruina
OTU1093	Microtetraspora
OTU1094	Microvirga
OTU1095	Millionella
OTU1096	Mitsuokella
OTU1097	Mixta
OTU1098	Mobilicoccus
OTU1099	Mobilisporobacter
OTU1100	Mobilitalea
OTU1101	Mobiluncus
OTU1102	Modestobacter
OTU1103	Modicisalibacter
OTU1104	Moellerella
OTU1105	Mogibacterium
OTU1106	Monoglobus
OTU1107	Moorella
OTU1108	Moorena
OTU1109	Moraxella
OTU1110	Mordavella
OTU1111	Moritella
OTU1112	Moryella
OTU1113	Motilimonas
OTU1114	Mucilaginibacter
OTU1115	Mumia
OTU1116	Murdochiella
OTU1117	Muribaculum
OTU1118	Muricauda
OTU1119	Muricomes
OTU1120	Murimonas
OTU1121	Myceligenerans
OTU1122	Mycetocola
OTU1123	Mycobacterium
OTU1124	Mycolicibacter
OTU1125	Mycolicibacterium
OTU1126	Mycoplana
OTU1127	Mycoplasma
OTU1128	Mycoplasmopsis
OTU1129	Myroides
OTU1130	Myxococcus
OTU1131	Naasia
OTU1132	Nakamurella
OTU1133	Nannocystis
OTU1134	Natranaerobius
OTU1135	Natranaerovirga
OTU1136	Natribacillus
OTU1137	Natroniella
OTU1138	Natronincola
OTU1139	Natronoflexus
OTU1140	Natronospira
OTU1141	Natronovirga
OTU1142	Nautilia
OTU1143	Negadavirga
OTU1144	Negativibacillus
OTU1145	Negativicoccus
OTU1146	Neglecta
OTU1147	Neiella
OTU1148	Neisseria
OTU1149	Neobacillus
OTU1150	Neochlamydia
OTU1151	Neosynechococcus
OTU1152	Neptuniibacter
OTU1153	Neptunomonas
OTU1154	Nereida
OTU1155	Nesterenkonia
OTU1156	Niallia
OTU1157	Nibrella
OTU1158	Nisaea
OTU1159	Nissabacter
OTU1160	Nitratifractor
OTU1161	Nitratireductor
OTU1162	Nitratiruptor
OTU1163	Nitriliruptor
OTU1164	Nitrincola
OTU1165	Nitrococcus
OTU1166	Nitrosococcus
OTU1167	Nitrosomonas
OTU1168	Nitrosospira
OTU1169	Nitrospira
OTU1170	Nitrospirillum
OTU1171	Niveibacterium
OTU1172	Niveispirillum
OTU1173	Nocardia
OTU1174	Nocardioides
OTU1175	Nocardiopsis
OTU1176	Nonlabens
OTU1177	Nonomuraea
OTU1178	Nosocomiicoccus
OTU1179	Novibacillus
OTU1180	Noviherbaspirillum
OTU1181	Novispirillum
OTU1182	Novosphingobium
OTU1183	Numidum
OTU1184	Obesumbacterium
OTU1185	Occallatibacter
OTU1186	Occidentia
OTU1187	Oceanibacterium
OTU1188	Oceanicella
OTU1189	Oceanicoccus
OTU1190	Oceanimonas
OTU1191	Oceanirhabdus
OTU1192	Oceanisphaera
OTU1193	Oceanispirochaeta
OTU1194	Oceanivirga
OTU1195	Oceanobacillus
OTU1196	Oceanococcus
OTU1197	Oceanotoga
OTU1198	Ochrobactrum
OTU1199	Odoribacter
OTU1200	Oenococcus
OTU1201	Oerskovia
OTU1202	Ohtaekwangia
OTU1203	Okeania
OTU1204	Olegusella
OTU1205	Oleiagrimonas
OTU1206	Oleibacter
OTU1207	Oleiharenicola
OTU1208	Oleispira
OTU1209	Oleomonas
OTU1210	Oligoflexus
OTU1211	Oligosphaera
OTU1212	Olivibacter
OTU1213	Olleya
OTU1214	Olsenella
OTU1215	Orbus
OTU1216	Orenia
OTU1217	Oribacterium
OTU1218	Oricola
OTU1219	Orientia
OTU1220	Ornithinibacillus
OTU1221	Ornithinicoccus
OTU1222	Ornithinimicrobium
OTU1223	Oryzihumus
OTU1224	Oscillatoria
OTU1225	Oscillibacter
OTU1226	Otariodibacter
OTU1227	Oxalicibacterium
OTU1228	Oxalobacter
OTU1229	Oxalophagus
OTU1230	Oxobacter
OTU1231	Paenibacillus
OTU1232	Paeniclostridium
OTU1233	Paeniglutamicibacter
OTU1234	Paenisporosarcina
OTU1235	Paludibacter
OTU1236	Paludibacterium
OTU1237	Paludibaculum
OTU1238	Paludicola
OTU1239	Paludifilum
OTU1240	Pandoraea
OTU1241	Pantoea
OTU1242	Papillibacter
OTU1243	Parabacteroides
OTU1244	Paraburkholderia
OTU1245	Parachlamydia
OTU1246	Paraclostridium
OTU1247	Paradesulfitobacterium
OTU1248	Paraeggerthella
OTU1249	Parafannyhessea
OTU1250	Parafrigoribacterium
OTU1251	Parageobacillus
OTU1252	Paraglaciecola
OTU1253	Paraherbaspirillum
OTU1254	Paraliobacillus
OTU1255	Paralkalibacillus
OTU1256	Paramaledivibacter
OTU1257	Paraphaeobacter
OTU1258	Paraprevotella
OTU1259	Pararheinheimera
OTU1260	Pararhizobium
OTU1261	Pararhodospirillum
OTU1262	Parashewanella
OTU1263	Parasporobacterium
OTU1264	Parasutterella
OTU1265	Parolsenella
OTU1266	Parvibacter
OTU1267	Parvibaculum
OTU1268	Parvimonas
OTU1269	Parvularcula
OTU1270	Pasteurella
OTU1271	Patulibacter
OTU1272	Paucilactobacillus
OTU1273	Paucimonas
OTU1274	Paucisalibacillus
OTU1275	Pectinatus
OTU1276	Pectobacterium
OTU1277	Pediococcus
OTU1278	Pedobacter
OTU1279	Pelagibacterium
OTU1280	Pelagirhabdus
OTU1281	Pelistega
OTU1282	Pelobacter
OTU1283	Pelodictyon
OTU1284	Pelolinea
OTU1285	Pelosinus
OTU1286	Pelospora
OTU1287	Pelotomaculum
OTU1288	Peptacetobacter
OTU1289	Peptoanaerobacter
OTU1290	Peptoclostridium
OTU1291	Peptococcus
OTU1292	Peptoniphilus
OTU1293	Peptostreptococcus
OTU1294	Peredibacter
OTU1295	Peribacillus
OTU1296	Persephonella
OTU1297	Petrimonas
OTU1298	Petrotoga
OTU1299	Phaeobacter
OTU1300	Phaeochromatium
OTU1301	Phaeocystidibacter
OTU1302	Phaeodactylibacter
OTU1303	Phaeospirillum
OTU1304	Phaeovibrio
OTU1305	Phascolarctobacterium
OTU1306	Phaseolibacter
OTU1307	Phenylobacterium
OTU1308	Phocaeicola
OTU1309	Phocea
OTU1310	Phocoenobacter
OTU1311	Photobacterium
OTU1312	Photorhabdus
OTU1313	Phreatobacter
OTU1314	Phycicoccus
OTU1315	Phyllobacterium
OTU1316	Phyllonema
OTU1317	Phytoactinopolyspora
OTU1318	Phytobacter
OTU1319	Pilibacter
OTU1320	Piscibacillus
OTU1321	Pisciglobus
OTU1322	Piscinibacterium
OTU1323	Planifilum
OTU1324	Planktothricoides
OTU1325	Planktothrix
OTU1326	Planococcus
OTU1327	Planomicrobium
OTU1328	Plantactinospora
OTU1329	Pleomorphochaeta
OTU1330	Pleomorphomonas
OTU1331	Plesiomonas
OTU1332	Pluralibacter
OTU1333	Polaribacter
OTU1334	Polaromonas
OTU1335	Polycladomyces
OTU1336	Polycyclovorans
OTU1337	Polynucleobacter
OTU1338	Pontibacillus
OTU1339	Pontibacter
OTU1340	Ponticoccus
OTU1341	Populibacterium
OTU1342	Porphyromonas
OTU1343	Portibacter
OTU1344	Povalibacter
OTU1345	Pragia
OTU1346	Prauserella
OTU1347	Prevotella
OTU1348	Prevotellamassilia
OTU1349	Priestia
OTU1350	Prochlorococcus
OTU1351	Prochlorothrix
OTU1352	Propionibacterium
OTU1353	Propionimicrobium
OTU1354	Propionispira
OTU1355	Propionispora
OTU1356	Prosthecochloris
OTU1357	Prosthecomicrobium
OTU1358	Proteiniborus
OTU1359	Proteiniclasticum
OTU1360	Proteinivorax
OTU1361	Proteocatella
OTU1362	Proteus
OTU1363	Providencia
OTU1364	Pseudactinotalea
OTU1365	Pseudaeromonas
OTU1366	Pseudahrensia
OTU1367	Pseudarcicella
OTU1368	Pseudarthrobacter
OTU1369	Pseudescherichia
OTU1370	Pseudoalteromonas
OTU1371	Pseudobacteroides
OTU1372	Pseudobowmanella
OTU1373	Pseudobutyrivibrio
OTU1374	Pseudochelatococcus
OTU1375	Pseudocitrobacter
OTU1376	Pseudoclavibacter
OTU1377	Pseudoclostridium
OTU1378	Pseudodesulfovibrio
OTU1379	Pseudoflavonifractor
OTU1380	Pseudogracilibacillus
OTU1381	Pseudohongiella
OTU1382	Pseudokineococcus
OTU1383	Pseudomaribius
OTU1384	Pseudomaricurvus
OTU1385	Pseudomonas
OTU1386	Pseudonocardia
OTU1387	Pseudooceanicola
OTU1388	Pseudoramibacter
OTU1389	Pseudorhodobacter
OTU1390	Pseudorhodoplanes
OTU1391	Pseudoruegeria
OTU1392	Pseudosporangium
OTU1393	Pseudothermotoga
OTU1394	Pseudovibrio
OTU1395	Pseudoxanthobacter
OTU1396	Pseudoxanthomonas
OTU1397	Psychrobacillus
OTU1398	Psychrobacter
OTU1399	Psychrobium
OTU1400	Psychroflexus
OTU1401	Psychromonas
OTU1402	Psychrosinus
OTU1403	Psychrosphaera
OTU1404	Pullulanibacillus
OTU1405	Pustulibacterium
OTU1406	Pyramidobacter
OTU1407	Pyrinomonas
OTU1408	Pyruvatibacter
OTU1409	Pyxidicoccus
OTU1410	Qipengyuania
OTU1411	Quadrisphaera
OTU1412	Quatrionicoccus
OTU1413	Rahnella
OTU1414	Raineya
OTU1415	Raineyella
OTU1416	Ralstonia
OTU1417	Ramlibacter
OTU1418	Raoultella
OTU1419	Raoultibacter
OTU1420	Rarimicrobium
OTU1421	Rarobacter
OTU1422	Rathayibacter
OTU1423	Rectinema
OTU1424	Reinekea
OTU1425	Reyranella
OTU1426	Rhabdanaerobium
OTU1427	Rhabdobacter
OTU1428	Rheinheimera
OTU1429	Rhizobium
OTU1430	Rhodanobacter
OTU1431	Rhodobaculum
OTU1432	Rhodoblastus
OTU1433	Rhodococcus
OTU1434	Rhodoligotrophos
OTU1435	Rhodonellum
OTU1436	Rhodoplanes
OTU1437	Rhodopseudomonas
OTU1438	Rhodospirillum
OTU1439	Rhodothalassium
OTU1440	Rhodothermus
OTU1441	Rhodovibrio
OTU1442	Rhodovulum
OTU1443	Rickettsia
OTU1444	Riemerella
OTU1445	Rikenella
OTU1446	Risungbinella
OTU1447	Rivicola
OTU1448	Robbsia
OTU1449	Robertkochia
OTU1450	Robiginitalea
OTU1451	Robiginitomaculum
OTU1452	Robinsoniella
OTU1453	Rodentibacter
OTU1454	Romboutsia
OTU1455	Roseburia
OTU1456	Roseibacillus
OTU1457	Roseimarinus
OTU1458	Roseimaritima
OTU1459	Roseimicrobium
OTU1460	Roseisolibacter
OTU1461	Roseitalea
OTU1462	Roseivirga
OTU1463	Roseivivax
OTU1464	Rosenbergiella
OTU1465	Roseomonas
OTU1466	Roseospirillum
OTU1467	Roseovarius
OTU1468	Rouxiella
OTU1469	Ruania
OTU1470	Rubellimicrobium
OTU1471	Rubidibacter
OTU1472	Rubinisphaera
OTU1473	Rubricella
OTU1474	Rubritalea
OTU1475	Rubrivirga
OTU1476	Rubrivivax
OTU1477	Rubrobacter
OTU1478	Rudaeicoccus
OTU1479	Rufibacter
OTU1480	Ruficoccus
OTU1481	Rugamonas
OTU1482	Ruminiclostridium
OTU1483	Ruminobacter
OTU1484	Ruminococcus
OTU1485	Rummeliibacillus
OTU1486	Ruthenibacterium
OTU1487	Sabulilitoribacter
OTU1488	Saccharibacillus
OTU1489	Saccharicrinis
OTU1490	Saccharococcus
OTU1491	Saccharofermentans
OTU1492	Saccharomonospora
OTU1493	Saccharopolyspora
OTU1494	Salegentibacter
OTU1495	Salibacter
OTU1496	Salibacterium
OTU1497	Salicola
OTU1498	Salilacibacter
OTU1499	Salimesophilobacter
OTU1500	Salimicrobium
OTU1501	Salinibacillus
OTU1502	Salinibacter
OTU1503	Salinibacterium
OTU1504	Salinicoccus
OTU1505	Salinicola
OTU1506	Salininema
OTU1507	Salinirepens
OTU1508	Salinisphaera
OTU1509	Salinithrix
OTU1510	Salinivibrio
OTU1511	Salinivirga
OTU1512	Salipaludibacillus
OTU1513	Salirhabdus
OTU1514	Salisediminibacterium
OTU1515	Saliterribacillus
OTU1516	Salmonella
OTU1517	Salsuginibacillus
OTU1518	Salsuginimonas
OTU1519	Samsonia
OTU1520	Sandaracinus
OTU1521	Sanguibacter
OTU1522	Sarcina
OTU1523	Savagea
OTU1524	Scardovia
OTU1525	Schaalia
OTU1526	Schleiferia
OTU1527	Schleiferilactobacillus
OTU1528	Schumannella
OTU1529	Scopulibacillus
OTU1530	Sebaldella
OTU1531	Secundilactobacillus
OTU1532	Sedimentibacter
OTU1533	Sedimenticola
OTU1534	Sediminibacterium
OTU1535	Sediminicola
OTU1536	Sediminispirochaeta
OTU1537	Sediminitomix
OTU1538	Segniliparus
OTU1539	Seinonella
OTU1540	Selenihalanaerobacter
OTU1541	Seleniivibrio
OTU1542	Selenomonas
OTU1543	Sellimonas
OTU1544	Seminibacterium
OTU1545	Senegalia
OTU1546	Senegalimassilia
OTU1547	Seohaeicola
OTU1548	Seonamhaeicola
OTU1549	Serpentinicella
OTU1550	Serratia
OTU1551	Sharpea
OTU1552	Shewanella
OTU1553	Shigella
OTU1554	Shimazuella
OTU1555	Shimwellia
OTU1556	Shinella
OTU1557	Shuttleworthia
OTU1558	Siccationidurans
OTU1559	Siccibacter
OTU1560	Siccirubricoccus
OTU1561	Sideroxydans
OTU1562	Silicimonas
OTU1563	Simiduia
OTU1564	Sinibacillus
OTU1565	Sinobacterium
OTU1566	Sinomicrobium
OTU1567	Sinomonas
OTU1568	Sinorhizobium
OTU1569	Sinosporangium
OTU1570	Siphonobacter
OTU1571	Skermanella
OTU1572	Slackia
OTU1573	Sneathiella
OTU1574	Soehngenia
OTU1575	Solibacillus
OTU1576	Solirubrobacter
OTU1577	Solitalea
OTU1578	Solobacterium
OTU1579	Soonwooa
OTU1580	Soortia
OTU1581	Spelaeicoccus
OTU1582	Sphaerimonospora
OTU1583	Sphaerisporangium
OTU1584	Sphingoaurantiacus
OTU1585	Sphingobacterium
OTU1586	Sphingobium
OTU1587	Sphingomonas
OTU1588	Sphingopyxis
OTU1589	Sphingorhabdus
OTU1590	Spiribacter
OTU1591	Spirillum
OTU1592	Spirochaeta
OTU1593	Spiroplasma
OTU1594	Spirosoma
OTU1595	Spongiibacter
OTU1596	Spongiimicrobium
OTU1597	Sporacetigenium
OTU1598	Sporanaerobacter
OTU1599	Sporichthya
OTU1600	Sporobacter
OTU1601	Sporobacterium
OTU1602	Sporolactobacillus
OTU1603	Sporolituus
OTU1604	Sporomusa
OTU1605	Sporosalibacterium
OTU1606	Sporosarcina
OTU1607	Sporotomaculum
OTU1608	Stakelama
OTU1609	Stanieria
OTU1610	Staphylococcus
OTU1611	Starria
OTU1612	Stenotrophobacter
OTU1613	Steroidobacter
OTU1614	Stomatobaculum
OTU1615	Streptacidiphilus
OTU1616	Streptobacillus
OTU1617	Streptococcus
OTU1618	Streptomyces
OTU1619	Streptosporangium
OTU1620	Subdoligranulum
OTU1621	Subtercola
OTU1622	Succinatimonas
OTU1623	Succiniclasticum
OTU1624	Succinimonas
OTU1625	Succinispira
OTU1626	Succinivibrio
OTU1627	Sufflavibacter
OTU1628	Sulfitobacter
OTU1629	Sulfobacillus
OTU1630	Sulfuricurvum
OTU1631	Sulfurihydrogenibium
OTU1632	Sulfurivermis
OTU1633	Sulfurivirga
OTU1634	Sulfurospirillum
OTU1635	Sungkyunkwania
OTU1636	Sutterella
OTU1637	Suttonella
OTU1638	Swaminathania
OTU1639	Swionibacillus
OTU1640	Symbiobacterium
OTU1641	Synechococcus
OTU1642	Syntrophaceticus
OTU1643	Syntrophobacter
OTU1644	Syntrophobotulus
OTU1645	Syntrophococcus
OTU1646	Syntrophomonas
OTU1647	Syntrophorhabdus
OTU1648	Syntrophothermus
OTU1649	Tahibacter
OTU1650	Tamaricihabitans
OTU1651	Tamilnaduibacter
OTU1652	Tannerella
OTU1653	Tanticharoenia
OTU1654	Tatumella
OTU1655	Telluria
OTU1656	Telluribacter
OTU1657	Tellurimicrobium
OTU1658	Tenacibaculum
OTU1659	Tenggerimyces
OTU1660	Tenuibacillus
OTU1661	Tepidamorphus
OTU1662	Tepidanaerobacter
OTU1663	Tepidibacillus
OTU1664	Tepidibacter
OTU1665	Tepidicella
OTU1666	Tepidimicrobium
OTU1667	Tepidimonas
OTU1668	Tepidiphilus
OTU1669	Terasakiella
OTU1670	Terasakiispira
OTU1671	Teredinibacter
OTU1672	Terribacillus
OTU1673	Terrimonas
OTU1674	Terrisporobacter
OTU1675	Tessaracoccus
OTU1676	Tetragenococcus
OTU1677	Tetrasphaera
OTU1678	Texcoconibacillus
OTU1679	Thalassobaculum
OTU1680	Thalassolituus
OTU1681	Thalassomonas
OTU1682	Thalassospira
OTU1683	Thalassotalea
OTU1684	Thauera
OTU1685	Thaumasiovibrio
OTU1686	Thermacetogenium
OTU1687	Thermaerobacter
OTU1688	Thermanaeromonas
OTU1689	Thermanaerovibrio
OTU1690	Thermicanus
OTU1691	Thermincola
OTU1692	Thermithiobacillus
OTU1693	Thermoactinomyces
OTU1694	Thermoanaerobacter
OTU1695	Thermoanaerobacterium
OTU1696	Thermoanaerobaculum
OTU1697	Thermobacillus
OTU1698	Thermobifida
OTU1699	Thermobispora
OTU1700	Thermobrachium
OTU1701	Thermoclostridium
OTU1702	Thermocrispum
OTU1703	Thermodesulfatator
OTU1704	Thermodesulfitimonas
OTU1705	Thermodesulfobacterium
OTU1706	Thermodesulfobium
OTU1707	Thermodesulforhabdus
OTU1708	Thermodesulfovibrio
OTU1709	Thermoflavimicrobium
OTU1710	Thermoflexibacter
OTU1711	Thermoflexus
OTU1712	Thermogutta
OTU1713	Thermohydrogenium
OTU1714	Thermolithobacter
OTU1715	Thermolongibacillus
OTU1716	Thermomarinilinea
OTU1717	Thermomicrobium
OTU1718	Thermomonas
OTU1719	Thermonema
OTU1720	Thermophagus
OTU1721	Thermosediminibacter
OTU1722	Thermosinus
OTU1723	Thermosulfidibacter
OTU1724	Thermosulfuriphilus
OTU1725	Thermosyntropha
OTU1726	Thermotalea
OTU1727	Thermotoga
OTU1728	Thermovenabulum
OTU1729	Thermovibrio
OTU1730	Thermovirga
OTU1731	Thioalkalivibrio
OTU1732	Thiobaca
OTU1733	Thiobacillus
OTU1734	Thiocapsa
OTU1735	Thiocystis
OTU1736	Thiofilum
OTU1737	Thiohalobacter
OTU1738	Thiohalomonas
OTU1739	Thiohalophilus
OTU1740	Thiohalorhabdus
OTU1741	Thiohalospira
OTU1742	Thiolapillus
OTU1743	Thiolinea
OTU1744	Thiomicrorhabdus
OTU1745	Thiomicrospira
OTU1746	Thiomonas
OTU1747	Thiophaeococcus
OTU1748	Thiorhodococcus
OTU1749	Thiorhodospira
OTU1750	Thiothrix
OTU1751	Thiovirga
OTU1752	Thorsellia
OTU1753	Tianweitania
OTU1754	Tidjanibacter
OTU1755	Tindallia
OTU1756	Tissierella
OTU1757	Tolumonas
OTU1758	Tonsilliphilus
OTU1759	Trabulsiella
OTU1760	Tranquillimonas
OTU1761	Traorella
OTU1762	Treponema
OTU1763	Trichococcus
OTU1764	Tropicimonas
OTU1765	Truepera
OTU1766	Trueperella
OTU1767	Tsukamurella
OTU1768	Tsuneonella
OTU1769	Tuberibacillus
OTU1770	Tumebacillus
OTU1771	Tundrisphaera
OTU1772	Turicibacter
OTU1773	Turicimonas
OTU1774	Turneriella
OTU1775	Tychonema
OTU1776	Tyzzerella
OTU1777	Uliginosibacterium
OTU1778	Umboniibacter
OTU1779	Undibacterium
OTU1780	Ureaplasma
OTU1781	Ureibacillus
OTU1782	Urmitella
OTU1783	Vagococcus
OTU1784	Vallitalea
OTU1785	Vampirovibrio
OTU1786	Varibaculum
OTU1787	Variovorax
OTU1788	Veillonella
OTU1789	Ventosimonas
OTU1790	Verminephrobacter
OTU1791	Verrucomicrobium
OTU1792	Verrucosispora
OTU1793	Vespertiliibacter
OTU1794	Vibrio
OTU1795	Vicinamibacter
OTU1796	Victivallis
OTU1797	Virgibacillus
OTU1798	Viridibacillus
OTU1799	Vulcanibacillus
OTU1800	Vulcanithermus
OTU1801	Vulgatibacter
OTU1802	Waddlia
OTU1803	Weeksella
OTU1804	Weissella
OTU1805	Weizmannia
OTU1806	Wenzhouxiangella
OTU1807	Williamsia
OTU1808	Williamwhitmania
OTU1809	Winkia
OTU1810	Winogradskyella
OTU1811	Wocania
OTU1812	Wohlfahrtiimonas
OTU1813	Woodsholea
OTU1814	Wukongibacter
OTU1815	Xanthomonas
OTU1816	Xenorhabdus
OTU1817	Xylanibacillus
OTU1818	Xylanibacterium
OTU1819	Xylanimonas
OTU1820	Xylella
OTU1821	Yimella
OTU1822	Yinghuangia
OTU1823	Yokenella
OTU1824	Youngiibacter
OTU1825	Zeaxanthinibacter
OTU1826	Zhihengliuella
OTU1827	Zhouia
OTU1828	Zobellia
OTU1829	Zoogloea
OTU1830	Zunongwangia
OTU1831	Zymobacter
OTU1832	Zymomonas
